<?xml version="1.0" encoding="UTF-8"?><rss version="2.0"
	xmlns:content="http://purl.org/rss/1.0/modules/content/"
	xmlns:wfw="http://wellformedweb.org/CommentAPI/"
	xmlns:dc="http://purl.org/dc/elements/1.1/"
	xmlns:atom="http://www.w3.org/2005/Atom"
	xmlns:sy="http://purl.org/rss/1.0/modules/syndication/"
	xmlns:slash="http://purl.org/rss/1.0/modules/slash/"
	>

<channel>
	<title>Agência Digital de Criação de sites</title>
	<atom:link href="/feed" rel="self" type="application/rss+xml" />
	<link>/</link>
	<description>Estamos por dentro das principais referências em Marketing Digital  no mercado nacional e garantimos uma entrega de qualidade e destaque para o seu negócio.</description>
	<lastBuildDate>Sat, 16 Dec 2023 16:59:29 +0000</lastBuildDate>
	<language>pt-BR</language>
	<sy:updatePeriod>
	hourly	</sy:updatePeriod>
	<sy:updateFrequency>
	1	</sy:updateFrequency>
	<generator>https://wordpress.org/?v=6.4.2</generator>

<image>
	<url>/wp-content/uploads/2023/12/cropped-Capturar-3-32x32.png</url>
	<title>Agência Digital de Criação de sites</title>
	<link>/</link>
	<width>32</width>
	<height>32</height>
</image> 
	<item>
		<title>How to Have More Focused</title>
		<link>/how-to-have-more-focused/.html</link>
					<comments>/how-to-have-more-focused/.html#respond</comments>
		
		<dc:creator><![CDATA[admin]]></dc:creator>
		<pubDate>Sat, 16 Dec 2023 16:59:29 +0000</pubDate>
				<category><![CDATA[Uncategorized]]></category>
		<guid isPermaLink="false">/2023/12/16/how-to-have-more-focused/</guid>

					<description><![CDATA[Here are a few of our primary fashion blog categories.]]></description>
										<content:encoded><![CDATA[<p>Here are a few of our primary fashion blog categories.</p>
]]></content:encoded>
					
					<wfw:commentRss>/how-to-have-more-focused/.html/feed</wfw:commentRss>
			<slash:comments>0</slash:comments>
		
		
			</item>
		<item>
		<title>Clothing Blog Section Contains</title>
		<link>/clothing-blog-section-contains/.html</link>
					<comments>/clothing-blog-section-contains/.html#respond</comments>
		
		<dc:creator><![CDATA[admin]]></dc:creator>
		<pubDate>Sat, 16 Dec 2023 16:59:29 +0000</pubDate>
				<category><![CDATA[Uncategorized]]></category>
		<guid isPermaLink="false">/2023/12/16/clothing-blog-section-contains/</guid>

					<description><![CDATA[Here are a few of our primary fashion blog categories.]]></description>
										<content:encoded><![CDATA[<p>Here are a few of our primary fashion blog categories.</p>
]]></content:encoded>
					
					<wfw:commentRss>/clothing-blog-section-contains/.html/feed</wfw:commentRss>
			<slash:comments>0</slash:comments>
		
		
			</item>
		<item>
		<title>Cooking Healthful Joyful</title>
		<link>/cooking-healthful-joyful/.html</link>
					<comments>/cooking-healthful-joyful/.html#respond</comments>
		
		<dc:creator><![CDATA[admin]]></dc:creator>
		<pubDate>Sat, 16 Dec 2023 16:59:29 +0000</pubDate>
				<category><![CDATA[Uncategorized]]></category>
		<guid isPermaLink="false">/2023/12/16/cooking-healthful-joyful/</guid>

					<description><![CDATA[Here are a few of our primary fashion blog categories.]]></description>
										<content:encoded><![CDATA[<p>Here are a few of our primary fashion blog categories.</p>
]]></content:encoded>
					
					<wfw:commentRss>/cooking-healthful-joyful/.html/feed</wfw:commentRss>
			<slash:comments>0</slash:comments>
		
		
			</item>
		<item>
		<title>Stay on top of pharmacy trends</title>
		<link>/stay-on-top-of-pharmacy-trends/.html</link>
					<comments>/stay-on-top-of-pharmacy-trends/.html#respond</comments>
		
		<dc:creator><![CDATA[]]></dc:creator>
		<pubDate>Sat, 16 Dec 2023 16:28:30 +0000</pubDate>
				<category><![CDATA[Uncategorized]]></category>
		<guid isPermaLink="false">/2023/12/16/stay-on-top-of-pharmacy-trends/</guid>

					<description><![CDATA[Ut nec metus mollis, finibus elit ac, sodales justo. In ullamcorper eu ipsum sed sagittis. Proin pellentesque erat lorem, ac hendrerit ligula maximus sit amet. Pellentesque bibendum vehicula nibh vehicula elementum.]]></description>
										<content:encoded><![CDATA[


<h2>Our Special Features</h2>
<h2>Sed vel augue sed justo gravida venenatis. Duis commodo eros eget venenatis volutpat. Donec vitae risus sit amet turpis malesuada lobortis. Ut nec metus mollis, finibus elit ac, sodales justo. In ullamcorper eu ipsum sed sagittis.</h2>



Patient experience
Infection prevention
Health checkup




High-Risk Procedures
Emergency Operation
Standards of Treatment





<h2>Walk into our 24 hours open clinic</h2>
<h2>Mon – Thu &#8211;&nbsp; &nbsp; &nbsp; &nbsp;9:00 AM &#8211; 7:00 PM</h2>
<h2>Friday &#8211;&nbsp; &nbsp; &nbsp; &nbsp; &nbsp; &nbsp; &nbsp; 9:00 AM &#8211; 7:00 PM</h2>
<h2>Sat &#8211; Sun &#8211;&nbsp; &nbsp; &nbsp; &nbsp; &nbsp;Closed</h2>






<h6>Totam rem aperiam</h6>
<p style="text-align: left"><span style="font-weight: normal"><del><font color="#777777">$300</font></del><font color="#19e1c6ff"> $200</font></span></p>




<h6>Aute irure dolor</h6>
<p style="text-align: left"><span style="font-weight: normal"><del><font color="#777777">$300</font></del><font color="#19e1c6ff"> $200</font></span></p>




<h6>consectetur adipiscing elit</h6>
<p style="text-align: left"><span style="font-weight: normal"><del><font color="#777777">$300</font></del><font color="#19e1c6ff"> $200</font></span></p>




<h6>Omnis voluptas assumenda</h6>
<p style="text-align: left"><span style="font-weight: normal"><del><font color="#777777">$300</font></del><font color="#19e1c6ff"> $200</font></span></p>


]]></content:encoded>
					
					<wfw:commentRss>/stay-on-top-of-pharmacy-trends/.html/feed</wfw:commentRss>
			<slash:comments>0</slash:comments>
		
		
			</item>
		<item>
		<title>Health awareness days or months</title>
		<link>/health-awareness-days-or-months/.html</link>
					<comments>/health-awareness-days-or-months/.html#respond</comments>
		
		<dc:creator><![CDATA[]]></dc:creator>
		<pubDate>Sat, 16 Dec 2023 16:28:30 +0000</pubDate>
				<category><![CDATA[Uncategorized]]></category>
		<guid isPermaLink="false">/2023/12/16/health-awareness-days-or-months/</guid>

					<description><![CDATA[Quisque rutrum dapibus tellus non mattis. Mauris eleifend mi id turpis ullamcorper, non varius lacus dignissim. Curabitur laoreet metus a sapien ultricies eleifend. Duis scelerisque metus felis, id sagittis ante rutrum sit amet.]]></description>
										<content:encoded><![CDATA[


<h2>Wide range of medical services for your family</h2>
<h2>Nulla malesuada malesuada faucibus. Pellentesque molestie lectus eu nunc porta consectetur. Morbi aliquet facilisis ligula a finibus. Nullam vel malesuada sem, sed fermentum mauris.</h2>

High Quality Care
Home medicine review
Health Assessments






<span style="color:#000000b7">Cras non ipsum iaculis, sollicitudin ante id, rhoncus velit. Vivamus vehicula risus in urna vulputate, vel dictum diam facilisis.  </span>


<span style="color:#000000b7">Cras non ipsum iaculis, sollicitudin ante id, rhoncus velit. Vivamus vehicula risus in urna vulputate, vel dictum diam facilisis. </span>


<span style="color:#000000b7">Cras non ipsum iaculis, sollicitudin ante id, rhoncus velit. Vivamus vehicula risus in urna vulputate, vel dictum diam facilisis. </span>




<h3>30% off</h3>
<h6>on credit card payment</h6>


<h3>chemist &amp; druggist</h3>


<h3>free shipping</h3>
<h6>on purchase of Rs.200</h6>












]]></content:encoded>
					
					<wfw:commentRss>/health-awareness-days-or-months/.html/feed</wfw:commentRss>
			<slash:comments>0</slash:comments>
		
		
			</item>
		<item>
		<title>Anticipate changing patient needs</title>
		<link>/anticipate-changing-patient-needs/.html</link>
					<comments>/anticipate-changing-patient-needs/.html#respond</comments>
		
		<dc:creator><![CDATA[]]></dc:creator>
		<pubDate>Sat, 16 Dec 2023 16:28:30 +0000</pubDate>
				<category><![CDATA[Uncategorized]]></category>
		<guid isPermaLink="false">/2023/12/16/anticipate-changing-patient-needs/</guid>

					<description><![CDATA[Vivamus eget ligula vitae dolor porttitor pharetra. Sed vel augue sed justo gravida venenatis. Duis commodo eros eget venenatis volutpat. Donec vitae risus sit amet turpis malesuada lobortis. Ut nec metus mollis, finibus elit ac, sodales justo.]]></description>
										<content:encoded><![CDATA[


<h2>24/7 Available</h2>
<h2>Best Quality
Pharmacy Store</h2>
<h2>Cras non ipsum iaculis, sollicitudin ante id, rhoncus velit. Vivamus vehicula risus in urna vulputate, vel dictum diam facilisis. Fusce elit sapien, dapibus eget turpis a, aliquet eleifend metus. </h2>
<h2> Quisque cursus ornare fermentum. Sed nisi augue, blandit in commodo et, viverra vel odio. Nulla et condimentum erat. Cras dignissim aliquam efficitur.&nbsp;</h2>


<span style="color:#ffffff">Nulla et condimentum erat. Cras dignissim aliquam efficitur. Suspendisse at pretium diam, ut pretium arcu.</span>
<span style="color:#ffffff">Nulla et condimentum erat. Cras dignissim aliquam efficitur. Suspendisse at pretium diam, ut pretium arcu.</span>


<span style="color:#ffffff">Nulla et condimentum erat. Cras dignissim aliquam efficitur. Suspendisse at pretium diam, ut pretium arcu.</span>
<span style="color:#ffffff">Nulla et condimentum erat. Cras dignissim aliquam efficitur. Suspendisse at pretium diam, ut pretium arcu.</span>


]]></content:encoded>
					
					<wfw:commentRss>/anticipate-changing-patient-needs/.html/feed</wfw:commentRss>
			<slash:comments>0</slash:comments>
		
		
			</item>
		<item>
		<title>Hello world!</title>
		<link>/hello-world/.html</link>
					<comments>/hello-world/.html#comments</comments>
		
		<dc:creator><![CDATA[admin]]></dc:creator>
		<pubDate>Sat, 16 Dec 2023 16:28:20 +0000</pubDate>
				<category><![CDATA[Uncategorized]]></category>
		<guid isPermaLink="false">/?p=1</guid>

					<description><![CDATA[Welcome to WordPress. This is your first post. Edit or delete it, then start writing!]]></description>
										<content:encoded><![CDATA[
<p>Welcome to WordPress. This is your first post. Edit or delete it, then start writing!</p>
]]></content:encoded>
					
					<wfw:commentRss>/hello-world/.html/feed</wfw:commentRss>
			<slash:comments>1</slash:comments>
		
		
			</item>
	</channel>
</rss>
