<?xml version="1.0" encoding="UTF-8"?><rss version="2.0"
	xmlns:content="http://purl.org/rss/1.0/modules/content/"
	xmlns:wfw="http://wellformedweb.org/CommentAPI/"
	xmlns:dc="http://purl.org/dc/elements/1.1/"
	xmlns:atom="http://www.w3.org/2005/Atom"
	xmlns:sy="http://purl.org/rss/1.0/modules/syndication/"
	xmlns:slash="http://purl.org/rss/1.0/modules/slash/"
	>

<channel>
	<title>admin &#8211; Agência Digital de Criação de sites</title>
	<atom:link href="/author/admin-2/feed" rel="self" type="application/rss+xml" />
	<link>/</link>
	<description>Estamos por dentro das principais referências em Marketing Digital  no mercado nacional e garantimos uma entrega de qualidade e destaque para o seu negócio.</description>
	<lastBuildDate>Sat, 16 Dec 2023 16:59:29 +0000</lastBuildDate>
	<language>pt-BR</language>
	<sy:updatePeriod>
	hourly	</sy:updatePeriod>
	<sy:updateFrequency>
	1	</sy:updateFrequency>
	<generator>https://wordpress.org/?v=6.4.2</generator>

<image>
	<url>/wp-content/uploads/2023/12/cropped-Capturar-3-32x32.png</url>
	<title>admin &#8211; Agência Digital de Criação de sites</title>
	<link>/</link>
	<width>32</width>
	<height>32</height>
</image> 
	<item>
		<title>How to Have More Focused</title>
		<link>/how-to-have-more-focused/.html</link>
					<comments>/how-to-have-more-focused/.html#respond</comments>
		
		<dc:creator><![CDATA[admin]]></dc:creator>
		<pubDate>Sat, 16 Dec 2023 16:59:29 +0000</pubDate>
				<category><![CDATA[Uncategorized]]></category>
		<guid isPermaLink="false">/2023/12/16/how-to-have-more-focused/</guid>

					<description><![CDATA[Here are a few of our primary fashion blog categories.]]></description>
										<content:encoded><![CDATA[<p>Here are a few of our primary fashion blog categories.</p>
]]></content:encoded>
					
					<wfw:commentRss>/how-to-have-more-focused/.html/feed</wfw:commentRss>
			<slash:comments>0</slash:comments>
		
		
			</item>
		<item>
		<title>Clothing Blog Section Contains</title>
		<link>/clothing-blog-section-contains/.html</link>
					<comments>/clothing-blog-section-contains/.html#respond</comments>
		
		<dc:creator><![CDATA[admin]]></dc:creator>
		<pubDate>Sat, 16 Dec 2023 16:59:29 +0000</pubDate>
				<category><![CDATA[Uncategorized]]></category>
		<guid isPermaLink="false">/2023/12/16/clothing-blog-section-contains/</guid>

					<description><![CDATA[Here are a few of our primary fashion blog categories.]]></description>
										<content:encoded><![CDATA[<p>Here are a few of our primary fashion blog categories.</p>
]]></content:encoded>
					
					<wfw:commentRss>/clothing-blog-section-contains/.html/feed</wfw:commentRss>
			<slash:comments>0</slash:comments>
		
		
			</item>
		<item>
		<title>Cooking Healthful Joyful</title>
		<link>/cooking-healthful-joyful/.html</link>
					<comments>/cooking-healthful-joyful/.html#respond</comments>
		
		<dc:creator><![CDATA[admin]]></dc:creator>
		<pubDate>Sat, 16 Dec 2023 16:59:29 +0000</pubDate>
				<category><![CDATA[Uncategorized]]></category>
		<guid isPermaLink="false">/2023/12/16/cooking-healthful-joyful/</guid>

					<description><![CDATA[Here are a few of our primary fashion blog categories.]]></description>
										<content:encoded><![CDATA[<p>Here are a few of our primary fashion blog categories.</p>
]]></content:encoded>
					
					<wfw:commentRss>/cooking-healthful-joyful/.html/feed</wfw:commentRss>
			<slash:comments>0</slash:comments>
		
		
			</item>
		<item>
		<title>Hello world!</title>
		<link>/hello-world/.html</link>
					<comments>/hello-world/.html#comments</comments>
		
		<dc:creator><![CDATA[admin]]></dc:creator>
		<pubDate>Sat, 16 Dec 2023 16:28:20 +0000</pubDate>
				<category><![CDATA[Uncategorized]]></category>
		<guid isPermaLink="false">/?p=1</guid>

					<description><![CDATA[Welcome to WordPress. This is your first post. Edit or delete it, then start writing!]]></description>
										<content:encoded><![CDATA[
<p>Welcome to WordPress. This is your first post. Edit or delete it, then start writing!</p>
]]></content:encoded>
					
					<wfw:commentRss>/hello-world/.html/feed</wfw:commentRss>
			<slash:comments>1</slash:comments>
		
		
			</item>
	</channel>
</rss>
